"File Name";"Line Found";"Extension"
"IBCE211Q.INI";"A24130.ISC0017D.TUNIT.CONTRAT";".INI"
"IBCE211Q.INI";"A24130.ISC0017D.TUNIT.INTRV";".INI"
"IBCE211Q.INI";"A24130.ISC0017D.TUNIT.HISTO";".INI"
"IBCE211Q.INI";"A24130.ISC0017D.TUNIT.COURL";".INI"
"IBCE211Q.INI";"A24130.ISC0017D.TUNIT.ACCWEB";".INI"
"IBCE211Q.INI";"A24130.ISC0017D.TFONC2.CONTRAT";".INI"
"IBCE211Q.INI";"A24130.ISC0017D.TFONC2.INTRV";".INI"
"IBCE211Q.INI";"A24130.ISC0017D.TFONC2.HISTO";".INI"
"IBCE211Q.INI";"A24130.ISC0017D.TFONC2.COURL";".INI"
"IBCE211Q.INI";"A24130.ISC0017D.TFONC2.ACCWEB";".INI"
"IBCE211Q.INI";"A24130.ISC0017D.TUNIT.CONTRAT";".INI"
"IBCE211Q.INI";"A24130.ISC0017D.TUNIT.INTRV";".INI"
"IBCE211Q.INI";"A24130.ISC0017D.TUNIT.HISTO";".INI"
"IBCE211Q.INI";"A24130.ISC0017D.TUNIT.COURL";".INI"
"IBCE211Q.INI";"A24130.ISC0017D.TUNIT.ACCWEB";".INI"
"IBCE211Q.INI";"A24130.ISC0017D.TFONC2.CONTRAT";".INI"
"IBCE211Q.INI";"A24130.ISC0017D.TFONC2.INTRV";".INI"
"IBCE211Q.INI";"A24130.ISC0017D.TFONC2.HISTO";".INI"
"IBCE211Q.INI";"A24130.ISC0017D.TFONC2.COURL";".INI"
"IBCE211Q.INI";"A24130.ISC0017D.TFONC2.ACCWEB";".INI"
"IBCE211Q.INI";"A24130.ISC0017D.TUNIT.CONTRAT";".INI"
"IBCE211Q.INI";"A24130.ISC0017D.TUNIT.INTRV";".INI"
"IBCE211Q.INI";"A24130.ISC0017D.TUNIT.HISTO";".INI"
"IBCE211Q.INI";"A24130.ISC0017D.TUNIT.COURL";".INI"
"IBCE211Q.INI";"A24130.ISC0017D.TUNIT.ACCWEB";".INI"
"IBCE211Q.INI";"A24130.ISC0017D.TFONC2.CONTRAT";".INI"
"IBCE211Q.INI";"A24130.ISC0017D.TFONC2.INTRV";".INI"
"IBCE211Q.INI";"A24130.ISC0017D.TFONC2.HISTO";".INI"
"IBCE211Q.INI";"A24130.ISC0017D.TFONC2.COURL";".INI"
"IBCE211Q.INI";"A24130.ISC0017D.TFONC2.ACCWEB";".INI"
"IBCF211Q.INI";"A24130.ISC0017D.TFONC.CONTRAT";".INI"
"IBCF211Q.INI";"A24130.ISC0017D.TFONC.INTRV";".INI"
"IBCF211Q.INI";"A24130.ISC0017D.TFONC.HISTO";".INI"
"IBCF211Q.INI";"A24130.ISC0017D.TFONC.COURL";".INI"
"IBCF211Q.INI";"A24130.ISC0017D.TFONC.ACCWEB";".INI"
"IBCF211Q.INI";"A24130.ISC0017D.TFONC.CONTRAT";".INI"
"IBCF211Q.INI";"A24130.ISC0017D.TFONC.INTRV";".INI"
"IBCF211Q.INI";"A24130.ISC0017D.TFONC.HISTO";".INI"
"IBCF211Q.INI";"A24130.ISC0017D.TFONC.COURL";".INI"
"IBCF211Q.INI";"A24130.ISC0017D.TFONC.ACCWEB";".INI"
"IBCF211Q.INI";"A24130.ISC0017D.TFONC.CONTRAT";".INI"
"IBCF211Q.INI";"A24130.ISC0017D.TFONC.INTRV";".INI"
"IBCF211Q.INI";"A24130.ISC0017D.TFONC.HISTO";".INI"
"IBCF211Q.INI";"A24130.ISC0017D.TFONC.COURL";".INI"
"IBCF211Q.INI";"A24130.ISC0017D.TFONC.ACCWEB";".INI"
"IBCM211Q.INI";"A24130.ISC0017D.TUNIT.CONTRAT";".INI"
"IBCM211Q.INI";"A24130.ISC0017D.TUNIT.INTRV";".INI"
"IBCM211Q.INI";"A24130.ISC0017D.TUNIT.HISTO";".INI"
"IBCM211Q.INI";"A24130.ISC0017D.TUNIT.COURL";".INI"
"IBCM211Q.INI";"A24130.ISC0017D.TUNIT.ACCWEB";".INI"
"IBCM211Q.INI";"A24130.ISC0017D.TFONC2.CONTRAT";".INI"
"IBCM211Q.INI";"A24130.ISC0017D.TFONC2.INTRV";".INI"
"IBCM211Q.INI";"A24130.ISC0017D.TFONC2.HISTO";".INI"
"IBCM211Q.INI";"A24130.ISC0017D.TFONC2.COURL";".INI"
"IBCM211Q.INI";"A24130.ISC0017D.TFONC2.ACCWEB";".INI"
"IBCM211Q.INI";"A24130.ISC0017D.TUNIT.CONTRAT";".INI"
"IBCM211Q.INI";"A24130.ISC0017D.TUNIT.INTRV";".INI"
"IBCM211Q.INI";"A24130.ISC0017D.TUNIT.HISTO";".INI"
"IBCM211Q.INI";"A24130.ISC0017D.TUNIT.COURL";".INI"
"IBCM211Q.INI";"A24130.ISC0017D.TUNIT.ACCWEB";".INI"
"IBCM211Q.INI";"A24130.ISC0017D.TFONC2.CONTRAT";".INI"
"IBCM211Q.INI";"A24130.ISC0017D.TFONC2.INTRV";".INI"
"IBCM211Q.INI";"A24130.ISC0017D.TFONC2.HISTO";".INI"
"IBCM211Q.INI";"A24130.ISC0017D.TFONC2.COURL";".INI"
"IBCM211Q.INI";"A24130.ISC0017D.TFONC2.ACCWEB";".INI"
"IBCM211Q.INI";"A24130.ISC0017D.TUNIT.CONTRAT";".INI"
"IBCM211Q.INI";"A24130.ISC0017D.TUNIT.INTRV";".INI"
"IBCM211Q.INI";"A24130.ISC0017D.TUNIT.HISTO";".INI"
"IBCM211Q.INI";"A24130.ISC0017D.TUNIT.COURL";".INI"
"IBCM211Q.INI";"A24130.ISC0017D.TUNIT.ACCWEB";".INI"
"IBCM211Q.INI";"A24130.ISC0017D.TFONC2.CONTRAT";".INI"
"IBCM211Q.INI";"A24130.ISC0017D.TFONC2.INTRV";".INI"
"IBCM211Q.INI";"A24130.ISC0017D.TFONC2.HISTO";".INI"
"IBCM211Q.INI";"A24130.ISC0017D.TFONC2.COURL";".INI"
"IBCM211Q.INI";"A24130.ISC0017D.TFONC2.ACCWEB";".INI"
"IBCM211Q.INI";"A24130.ISC0017D.TUNIT.CONTRAT";".INI"
"IBCM211Q.INI";"A24130.ISC0017D.TUNIT.INTRV";".INI"
"IBCM211Q.INI";"A24130.ISC0017D.TUNIT.HISTO";".INI"
"IBCM211Q.INI";"A24130.ISC0017D.TUNIT.COURL";".INI"
"IBCM211Q.INI";"A24130.ISC0017D.TUNIT.ACCWEB";".INI"
"IBCM211Q.INI";"A24130.ISC0017D.TFONC2.CONTRAT";".INI"
"IBCM211Q.INI";"A24130.ISC0017D.TFONC2.INTRV";".INI"
"IBCM211Q.INI";"A24130.ISC0017D.TFONC2.HISTO";".INI"
"IBCM211Q.INI";"A24130.ISC0017D.TFONC2.COURL";".INI"
"IBCM211Q.INI";"A24130.ISC0017D.TFONC2.ACCWEB";".INI"
"IBCM211Q.INI";"A24130.ISC0017D.TFONC2.CONTRAT";".INI"
"IBCM211Q.INI";"A24130.ISC0017D.TFONC2.INTRV";".INI"
"IBCM211Q.INI";"A24130.ISC0017D.TFONC2.HISTO";".INI"
"IBCM211Q.INI";"A24130.ISC0017D.TFONC2.COURL";".INI"
"IBCM211Q.INI";"A24130.ISC0017D.TFONC2.ACCWEB";".INI"
"IBCM211Q.INI";"A24130.ISC0017D.TFONC.CONTRAT";".INI"
"IBCM211Q.INI";"A24130.ISC0017D.TFONC.INTRV";".INI"
"IBCM211Q.INI";"A24130.ISC0017D.TFONC.HISTO";".INI"
"IBCM211Q.INI";"A24130.ISC0017D.TFONC.COURL";".INI"
"IBCM211Q.INI";"A24130.ISC0017D.TFONC.ACCWEB";".INI"
"IBCM211Q.INI";"A24130.ISC0017D.PROD2.CONTRAT";".INI"
"IBCM211Q.INI";"A24130.ISC0017D.PROD2.INTRV";".INI"
"IBCM211Q.INI";"A24130.ISC0017D.PROD2.HISTO";".INI"
"IBCM211Q.INI";"A24130.ISC0017D.PROD2.COURL";".INI"
"IBCM211Q.INI";"A24130.ISC0017D.PROD2.ACCWEB";".INI"
"ICCM010Q.INI";"A24130.ICC0059D.TUNIT.CONCIL";".INI"
"ICCM010Q.INI";"A24130.ICC0059D.TFONC.CONCIL";".INI"
"ICCM010Q.INI";"A24130.ICC0059D.CONCIL";".INI"
"ICCM020Q.INI";"A24130.ICC0110D.TUNIT.RAPRIOUT";".INI"
"ICCM020Q.INI";"A24130.ICC0111D.TUNIT.RAPRIOUT";".INI"
"ICCM020Q.INI";"A24130.ICC0210D.TUNIT.RAPRIOUT";".INI"
"ICCM020Q.INI";"A24130.ICC0300D.TUNIT.RAPRICSV";".INI"
"ICCM020Q.INI";"A24130.ICC0112D.TUNIT.RAPRIOUT";".INI"
"ICCM020Q.INI";"A24130.ICC0300D.TUNIT.RAPRICSV.LT";".INI"
"ICCM020Q.INI";"A24130.ICC0110D.TFONC.RAPRIOUT";".INI"
"ICCM020Q.INI";"A24130.ICC0111D.TFONC.RAPRIOUT";".INI"
"ICCM020Q.INI";"A24130.ICC0210D.TFONC.RAPRIOUT";".INI"
"ICCM020Q.INI";"A24130.ICC0300D.TFONC.RAPRICSV";".INI"
"ICCM020Q.INI";"A24130.ICC0112D.TFONC.RAPRIOUT";".INI"
"ICCM020Q.INI";"A24130.ICC0300D.TFONC.RAPRICSV.LT";".INI"
"ICCM020Q.INI";"A24130.ICC0110D.RAPRIOUT";".INI"
"ICCM020Q.INI";"A24130.ICC0111D.RAPRIOUT";".INI"
"ICCM020Q.INI";"A24130.ICC0210D.RAPRIOUT";".INI"
"ICCM020Q.INI";"A24130.ICC0300D.PROD2.RAPRICSV";".INI"
"ICCM020Q.INI";"A24130.ICC0112D.RAPRIOUT";".INI"
"ICCM020Q.INI";"A24130.ICC0300D.RAPRICSV.LT";".INI"
"ICCM021Q.INI";"A24130.ICC0221D.RAPPORT.QUOTRI";".INI"
"ICCM021Q.INI";"A24130.ICC0221D.RAPPORT.MENSRI";".INI"
"ICCM040Q.INI";"A24130.ICC0080D.CCR1212F";".INI"
"ICCM040Q.INI";"A24130.ICC0105D.CCR1212F";".INI"
"ICCM040Q.INI";"A24130.ICC0205D.CCR1212F";".INI"
"ICCM050H.INI";"A24130.ICC0040D.VISUSPEN";".INI"
"ICCM050H.INI";"A24130.ICC0060D.SASUSPEN";".INI"
"ICCM100Q.INI";"'A24130.ICC0220D.$ENV2$.CCT001X0'";".INI"
"ICCM100Q.INI";"A24130.ICC0000D.$ENV2$.TRXTEC.PART1";".INI"
"ICCM100Q.INI";"A24130.ICC0000D.$ENV2$.TRXTEC.PART2";".INI"
"ICDM001D.INI";"A24130.ICD0000D.$VAR3$.REQCHEQ";".INI"
"ICFM010Q.ini";"A24130.ICF0020D.PROD2.FTP.COLLSIRA";".ini"
"ICGF041D.INI";"A24130.ICG0540D.SYSTSPRT";".INI"
"ICGF041D.INI";"A24130.ICG0540D.SYSTSPRT";".INI"
"ICGF041D.INI";"A24130.ICG0540D.SYSTSPRT";".INI"
"ICGM020M.INI";"A24130.ICG0060D.RHT105X0";".INI"
"icgm021d.ini";"A24130.ICG0000D.TUNIT.GRIS.TBLCORRE";".ini"
"icgm021d.ini";"A24130.ICG0000D.TUNIT.GRIS.TBLCORRE";".ini"
"icgm021d.ini";"A24130.ICG0000D.PROD2.GRIS.TBLCORRE";".ini"
"icgm021q.ini";"A24130.ICG0000D.TUNIT.GRIS.TBLCORRE";".ini"
"icgm021q.ini";"A24130.ICG0000D.TUNIT.GRIS.TBLCORRE";".ini"
"icgm021q.ini";"A24130.ICG0000D.PROD2.GRIS.TBLCORRE";".ini"
"ICGM041Q.INI";"A24130.ICG0540D.SYSTSPRT";".INI"
"ICGM041Q.INI";"A24130.ICG0540D.SYSTSPRT";".INI"
"ICGM041Q.INI";"A24130.ICG0540D.SYSTSPRT";".INI"
"ICGM041Q.INI";"A24130.ICG0540D.SYSTSPRT";".INI"
"ICGM200Q.INI";"'A24130.ICG0060D.CGT253X0'";".INI"
"ICHF001D.INI";"A24130.ICH0002D.TFONC.TRBANC2";".INI"
"ICHF001D.INI";"A24130.ICH0002D.PROD2.TRBANC";".INI"
"ICHM001D.INI";"A24130.ICH0002D.TFONC.TRBANC2";".INI"
"ICHM001D.INI";"A24130.ICH0002D.PROD2.TRBANC";".INI"
"ICHM003Q.ini";"A24130.ICH0006D.TUNIT.CHT001XX";".ini"
"ICHM003Q.ini";"A24130.ICH0006D.TUNIT.CHT007XX";".ini"
"ICHM003Q.ini";"A24130.ICH0006D.TUNIT.CHT008XX";".ini"
"ICHM003Q.ini";"A24130.ICH0006D.TUNIT.LIBEL";".ini"
"ICHM003Q.ini";"A24130.ICH0006D.TUNIT.CHT010XX";".ini"
"ICHM003Q.ini";"A24130.ICH0006D.TFONC.CHT001XX";".ini"
"ICHM003Q.ini";"A24130.ICH0006D.TFONC.CHT007XX";".ini"
"ICHM003Q.ini";"A24130.ICH0006D.TFONC.CHT008XX";".ini"
"ICHM003Q.ini";"A24130.ICH0006D.TFONC.LIBEL";".ini"
"ICHM003Q.ini";"A24130.ICH0006D.TFONC.CHT010XX";".ini"
"ICHM003Q.ini";"A24130.ICH0006D.PROD2.CHT001XX";".ini"
"ICHM003Q.ini";"A24130.ICH0006D.PROD2.CHT007XX";".ini"
"ICHM003Q.ini";"A24130.ICH0006D.PROD2.CHT008XX";".ini"
"ICHM003Q.ini";"A24130.ICH0006D.PROD2.LIBEL";".ini"
"ICHM003Q.ini";"A24130.ICH0006D.PROD2.CHT010XX";".ini"
"ICHM004Q.ini";"A24130.ICH0530D.TUNIT.CHEQUEKM";".ini"
"ICHM004Q.ini";"A24130.ICH0530D.TFONC.CHEQUEKM";".ini"
"ICHM004Q.ini";"A24130.ICH0530D.PROD2.CHEQUEKM";".ini"
"ICHM100Q.INI";"A24130.ICH0555D.TUNIT.CTB.DBS";".INI"
"ICHM100Q.INI";"A24130.ICH0555D.TUNIT.CTB.EBS";".INI"
"ICHM100Q.INI";"A24130.ICH0555D.TUNIT.CTB.DBS";".INI"
"ICHM100Q.INI";"A24130.ICH0555D.TUNIT.CTB.EBS";".INI"
"ICHM100Q.INI";"A24130.ICH0555D.CTB.DBS";".INI"
"ICHM100Q.INI";"A24130.ICH0555D.PROD2.CTB.EBS";".INI"
"ICHM102Q.INI";"A24130.ICH0540D.TUNIT.CHEBSIA";".INI"
"ICHM102Q.INI";"A24130.ICH0540D.TUNIT.CHEBSIA";".INI"
"ICHM102Q.INI";"A24130.ICH0540D.PROD2.CHEBSIA";".INI"
"ichm104q.ini";"A24130.ICH0582D.TUNIT.CPTVAL";".ini"
"ichm104q.ini";"A24130.ICH0582D.TUNIT.CPTVAL";".ini"
"ichm104q.ini";"A24130.ICH0582D.PROD2.CPTVAL";".ini"
"ICHM105Q.INI";"A24130.ICH0540D.TUNIT.CHVAG";".INI"
"ICHM105Q.INI";"A24130.ICH0540D.TUNIT.CHRUSH";".INI"
"ICHM105Q.INI";"A24130.ICH0540D.TUNIT.CHUNIFI";".INI"
"ICHM105Q.INI";"A24130.ICH0540D.TUNIT.CHCLAIMS";".INI"
"ICHM105Q.INI";"A24130.ICH0540D.TUNIT.CHUNIFIC";".INI"
"ICHM105Q.INI";"A24130.ICH0540D.TUNIT.CHVAG";".INI"
"ICHM105Q.INI";"A24130.ICH0540D.TUNIT.CHRUSH";".INI"
"ICHM105Q.INI";"A24130.ICH0540D.TUNIT.CHUNIFI";".INI"
"ICHM105Q.INI";"A24130.ICH0540D.TUNIT.CHCLAIMS";".INI"
"ICHM105Q.INI";"A24130.ICH0540D.TUNIT.CHUNIFIC";".INI"
"ICHM105Q.INI";"A24130.ICH0540D.PROD2.CHVAG";".INI"
"ICHM105Q.INI";"A24130.ICH0540D.PROD2.CHRUSH";".INI"
"ICHM105Q.INI";"A24130.ICH0540D.PROD2.CHUNIFI";".INI"
"ICHM105Q.INI";"A24130.ICH0540D.PROD2.CHCLAIMS";".INI"
"ICHM105Q.INI";"A24130.ICH0540D.PROD2.CHUNIFIC";".INI"
"ICHM106Q.INI";"A24130.ICH0000D.TUNIT.REQCHQ";".INI"
"ICHM106Q.INI";"A24130.ICH0000D.TUNIT.REQCHQ";".INI"
"ICHM106Q.INI";"A24130.ICH0540D.PROD2.REQCHQ";".INI"
"ICHM107Q.INI";"A24130.ICH0540D.TUNIT.CHIAAH";".INI"
"ICHM107Q.INI";"A24130.ICH0540D.TUNIT.CHIAAH";".INI"
"ICHM107Q.INI";"A24130.ICH0540D.PROD2.CHIAAH";".INI"
"ICHM108Q.INI";"A24130.ICH0540D.TUNIT.CHSOLIC";".INI"
"ICHM108Q.INI";"A24130.ICH0540D.TUNIT.CHSOLIC";".INI"
"ICHM108Q.INI";"A24130.ICH0540D.PROD2.CHSOLIC";".INI"
"ICOM001Q.INI";"A24130.ICOJ280Q.OVERLIB";".INI"
"IEGF001Q.ini";"A24130.ICG0060D.EGT104XX";".ini"
"IEGF001Q.ini";"A24130.ICG0060D.RHT105X0";".ini"
"IEGF001Q.ini";"A24130.ICG0060D.RHT105X1";".ini"
"IEGF001Q.ini";"A24130.ICG0060D.RHT105X3";".ini"
"IEGF001Q.ini";"A24130.ICG0060D.RHT105X4";".ini"
"IEGF001Q.ini";"A24130.ICG0060D.RHT105X7";".ini"
"IEGF001Q.ini";"A24130.ICG0060D.RHT105X8";".ini"
"IEGF001Q.ini";"A24130.ICG0060D.RHT105X9";".ini"
"IEGF001Q.ini";"A24130.ICG0060D.RHT105XB";".ini"
"IEGF001Q.ini";"A24130.ICG0060D.RHT105X6";".ini"
"IEGF001Q.ini";"A24130.ICG0060D.RHT105XE";".ini"
"IEGF001Q.ini";"A24130.ICG0060D.RHT105X2";".ini"
"IEGF001Q.ini";"A24130.ICG0060D.RHT105XH";".ini"
"IEGF001Q.ini";"A24130.ICG0060D.RHT105XI";".ini"
"IEGF001Q.ini";"A24130.ICG0060D.RHT105XJ";".ini"
"IEGF001Q.ini";"A24130.ICG0060D.RHT105XL";".ini"
"IEGF001Q.ini";"A24130.ICG0060D.RHT105XS";".ini"
"IEGF001Q.ini";"A24130.ICG0060D.RHT105XK";".ini"
"IEGF001Q.ini";"A24130.ICG0060D.RHT105XT";".ini"
"IEGF001Q.ini";"A24130.ICG0060D.RHT105XU";".ini"
"IEGF001Q.ini";"A24130.ICG0060D.RHT105XV";".ini"
"IEGF001Q.ini";"A24130.ICG0060D.RHT105XW";".ini"
"IEGF001Q.ini";"A24130.ICG0060D.RHT105XX";".ini"
"IEGF001Q.ini";"A24130.ICG0060D.RHT105X5";".ini"
"IEGF001Q.ini";"A24130.ICG0060D.RHT105XD";".ini"
"IEGG001Q.ini";"A24130.ICG0060D.EGT104XX";".ini"
"IEGG001Q.ini";"A24130.ICG0060D.RHT105X0";".ini"
"IEGG001Q.ini";"A24130.ICG0060D.RHT105X1";".ini"
"IEGG001Q.ini";"A24130.ICG0060D.RHT105X3";".ini"
"IEGG001Q.ini";"A24130.ICG0060D.RHT105X4";".ini"
"IEGG001Q.ini";"A24130.ICG0060D.RHT105X7";".ini"
"IEGG001Q.ini";"A24130.ICG0060D.RHT105X8";".ini"
"IEGG001Q.ini";"A24130.ICG0060D.RHT105X9";".ini"
"IEGG001Q.ini";"A24130.ICG0060D.RHT105XB";".ini"
"IEGG001Q.ini";"A24130.ICG0060D.RHT105X6";".ini"
"IEGG001Q.ini";"A24130.ICG0060D.RHT105XE";".ini"
"IEGG001Q.ini";"A24130.ICG0060D.RHT105X2";".ini"
"IEGG001Q.ini";"A24130.ICG0060D.RHT105XH";".ini"
"IEGG001Q.ini";"A24130.ICG0060D.RHT105XI";".ini"
"IEGG001Q.ini";"A24130.ICG0060D.RHT105XJ";".ini"
"IEGG001Q.ini";"A24130.ICG0060D.RHT105XL";".ini"
"IEGG001Q.ini";"A24130.ICG0060D.RHT105XS";".ini"
"IEGG001Q.ini";"A24130.ICG0060D.RHT105XK";".ini"
"IEGG001Q.ini";"A24130.ICG0060D.RHT105XT";".ini"
"IEGG001Q.ini";"A24130.ICG0060D.RHT105XU";".ini"
"IEGG001Q.ini";"A24130.ICG0060D.RHT105XV";".ini"
"IEGG001Q.ini";"A24130.ICG0060D.RHT105XW";".ini"
"IEGG001Q.ini";"A24130.ICG0060D.RHT105XX";".ini"
"IEGG001Q.ini";"A24130.ICG0060D.RHT105X5";".ini"
"IEGG001Q.ini";"A24130.ICG0060D.RHT105Xd";".ini"
"IEGM001Q.ini";"A24130.ICG0060D.EGT104XX";".ini"
"IEGM001Q.ini";"A24130.ICG0060D.RHT105X0";".ini"
"IEGM001Q.ini";"A24130.ICG0060D.RHT105X1";".ini"
"IEGM001Q.ini";"A24130.ICG0060D.RHT105X3";".ini"
"IEGM001Q.ini";"A24130.ICG0060D.RHT105X4";".ini"
"IEGM001Q.ini";"A24130.ICG0060D.RHT105X7";".ini"
"IEGM001Q.ini";"A24130.ICG0060D.RHT105X8";".ini"
"IEGM001Q.ini";"A24130.ICG0060D.RHT105X9";".ini"
"IEGM001Q.ini";"A24130.ICG0060D.RHT105XB";".ini"
"IEGM001Q.ini";"A24130.ICG0060D.RHT105X6";".ini"
"IEGM001Q.ini";"A24130.ICG0060D.RHT105XE";".ini"
"IEGM001Q.ini";"A24130.ICG0060D.RHT105X2";".ini"
"IEGM001Q.ini";"A24130.ICG0060D.RHT105XH";".ini"
"IEGM001Q.ini";"A24130.ICG0060D.RHT105XI";".ini"
"IEGM001Q.ini";"A24130.ICG0060D.RHT105XJ";".ini"
"IEGM001Q.ini";"A24130.ICG0060D.RHT105XL";".ini"
"IEGM001Q.ini";"A24130.ICG0060D.RHT105XS";".ini"
"IEGM001Q.ini";"A24130.ICG0060D.RHT105XK";".ini"
"IEGM001Q.ini";"A24130.ICG0060D.RHT105XT";".ini"
"IEGM001Q.ini";"A24130.ICG0060D.RHT105XU";".ini"
"IEGM001Q.ini";"A24130.ICG0060D.RHT105XV";".ini"
"IEGM001Q.ini";"A24130.ICG0060D.RHT105XW";".ini"
"IEGM001Q.ini";"A24130.ICG0060D.RHT105XX";".ini"
"IEGM001Q.ini";"A24130.ICG0060D.RHT105X5";".ini"
"IEGM001Q.ini";"A24130.ICG0060D.RHT105Xd";".ini"
"IEIG050Q.INI";"A24130.ISC0280D.TFONC.TRANGESC";".INI"
"IEIG050Q.INI";"A24130.ISC0280D.TFONC.TRANGESC";".INI"
"IEIG050Q.INI";"A24130.ISC0280D.TFONC.TRANGESC";".INI"
"IEIG050Q.INI";"A24130.ISC0280D.TFONC.TRANGESC";".INI"
"IEIM050Q.INI";"A24130.ISC0280D.TFONC.TRANGESC";".INI"
"IEIM050Q.INI";"A24130.ISC0280D.TFONC.TRANGESC";".INI"
"IEIM050Q.INI";"A24130.ISC0280D.TRANGESC";".INI"
"IEIM050Q.INI";"A24130.ISC0280D.TRANGESC";".INI"
"IESG060M.INI";"A24130.ISC0590D.$ENV1$.TRNAES0";".INI"
"IESG060M.INI";"A24130.ISC0590D.$ENV1$.TRNAES1";".INI"
"IESG060M.INI";"A24130.ISC0590D.$ENV1$.TRNBES0";".INI"
"IESG060M.INI";"A24130.ISC0590D.$ENV1$.TRNBES1";".INI"
"IESG060M.INI";"A24130.ISC0590D.$ENV1$.TRNIES0";".INI"
"IESG060M.INI";"A24130.ISC0590D.$ENV1$.TRNIES1";".INI"
"IESM041M.INI";"A24130.ISC0395D.$ENV1$.EXTRACT.ES";".INI"
"IESM060M.INI";"A24130.ISC0590D.$ENV1$.TRNAES0";".INI"
"IESM060M.INI";"A24130.ISC0590D.$ENV1$.TRNAES1";".INI"
"IESM060M.INI";"A24130.ISC0590D.$ENV1$.TRNBES0";".INI"
"IESM060M.INI";"A24130.ISC0590D.$ENV1$.TRNBES1";".INI"
"IESM060M.INI";"A24130.ISC0590D.$ENV1$.TRNIES0";".INI"
"IESM060M.INI";"A24130.ISC0590D.$ENV1$.TRNIES1";".INI"
"IHYF116Q.ini";"A24130.ISC0280D.TFONC2.TRAHYP";".ini"
"IHYF116Q.ini";"A24130.ISC0280D.TFONC2.TRAHYP";".ini"
"IHYF116Q.ini";"A24130.ISC0280D.TFONC.TRAHYP";".ini"
"IHYF116Q.ini";"A24130.ISC0280D.TFONC.TRAHYP";".ini"
"IHYF116Q.ini";"A24130.ISC0280D.TRAHYP";".ini"
"IHYF116Q.ini";"A24130.ISC0280D.TRAHYP";".ini"
"IHYF116Q.ini";";A24130.ISC0280D.TUNIT.TRAHYP  pour INT1. Ça ne tourne pas de façon automatique en INT1. ";".ini"
"IHYF116Q.ini";";A24130.ISC0280D.TFONC.TRAHYP pour INF1. ";".ini"
"IHYF116Q.ini";";A24130.ISC0280D.TFONC2.TRAHYP pour INF2. ";".ini"
"IHYG116Q.ini";"A24130.ISC0280D.TFONC2.TRAHYP";".ini"
"IHYG116Q.ini";"A24130.ISC0280D.TFONC2.TRAHYP";".ini"
"IHYG116Q.ini";"A24130.ISC0280D.TFONC.TRAHYP";".ini"
"IHYG116Q.ini";"A24130.ISC0280D.TFONC.TRAHYP";".ini"
"IHYG116Q.ini";"A24130.ISC0280D.TRAHYP";".ini"
"IHYG116Q.ini";"A24130.ISC0280D.TRAHYP";".ini"
"IHYG116Q.ini";";A24130.ISC0280D.TUNIT.TRAHYP  pour INT1. Ça ne tourne pas de façon automatique en INT1. ";".ini"
"IHYG116Q.ini";";A24130.ISC0280D.TFONC.TRAHYP pour INF1. ";".ini"
"IHYG116Q.ini";";A24130.ISC0280D.TFONC2.TRAHYP pour INF2. ";".ini"
"IHYI116Q.ini";"A24130.ISC0280D.TFONC2.TRAHYP";".ini"
"IHYI116Q.ini";"A24130.ISC0280D.TFONC2.TRAHYP";".ini"
"IHYI116Q.ini";"A24130.ISC0280D.TFONC.TRAHYP";".ini"
"IHYI116Q.ini";"A24130.ISC0280D.TFONC.TRAHYP";".ini"
"IHYI116Q.ini";"A24130.ISC0280D.TRAHYP";".ini"
"IHYI116Q.ini";"A24130.ISC0280D.TRAHYP";".ini"
"IHYI116Q.ini";";A24130.ISC0280D.TUNIT.TRAHYP  pour INT1. Ça ne tourne pas de façon automatique en INT1. ";".ini"
"IHYI116Q.ini";";A24130.ISC0280D.TFONC.TRAHYP pour INF1. ";".ini"
"IHYI116Q.ini";";A24130.ISC0280D.TFONC2.TRAHYP pour INF2. ";".ini"
"IHYM116Q.ini";"A24130.ISC0280D.TFONC2.TRAHYP";".ini"
"IHYM116Q.ini";"A24130.ISC0280D.TFONC2.TRAHYP";".ini"
"IHYM116Q.ini";"A24130.ISC0280D.TFONC.TRAHYP";".ini"
"IHYM116Q.ini";"A24130.ISC0280D.TFONC.TRAHYP";".ini"
"IHYM116Q.ini";"A24130.ISC0280D.TRAHYP";".ini"
"IHYM116Q.ini";"A24130.ISC0280D.TRAHYP";".ini"
"IHYM116Q.ini";";A24130.ISC0280D.TUNIT.TRAHYP  pour INT1. Ça ne tourne pas de façon automatique en INT1. ";".ini"
"IHYM116Q.ini";";A24130.ISC0280D.TFONC.TRAHYP pour INF1. ";".ini"
"IHYM116Q.ini";";A24130.ISC0280D.TFONC2.TRAHYP pour INF2. ";".ini"
"IHYMD01D.INI";"A24130.ISC0743D.PROD2.SCCLEACT";".INI"
"IIBE001Q.ini";"A24130.ISC0011D.TFONC2.NONCONNU";".ini"
"IIBE001Q.ini";"A24130.ISC0011D.TFONC2.NONCONNU";".ini"
"IIBE001Q.ini";"A24130.ISC0011D.TFONC2.NONCONNU";".ini"
"IIBE006Q.ini";"A24130.ISC0011D.TFONC2.ROLEAG";".ini"
"IIBE006Q.ini";"A24130.ISC0011D.TFONC2.ROLEAG";".ini"
"IIBE006Q.ini";"A24130.ISC0011D.TFONC2.ROLEAG";".ini"
"IIBE006Q.ini";"A24130.ISC0011D.TFONC2.ROLEAG";".ini"
"IIBE008D.ini";"A24130.ISC0012D.TFONC2.AUTHEN";".ini"
"IIBE008D.ini";"A24130.ISC0012D.TFONC2.PROFIL";".ini"
"IIBE008D.ini";"A24130.ISC0012D.TUNIT.AUTHEN";".ini"
"IIBE008D.ini";"A24130.ISC0012D.TUNIT.PROFIL";".ini"
"IIBE008D.ini";"A24130.ISC0012D.TFONC.AUTHEN";".ini"
"IIBE008D.ini";"A24130.ISC0012D.TFONC.PROFIL";".ini"
"IIBE008D.ini";"A24130.ISC0012D.PROD2.AUTHEN";".ini"
"IIBE008D.ini";"A24130.ISC0012D.PROD2.PROFIL";".ini"
"IIBE010Q.ini";"A24130.ISC0750D.TUNIT.LOGAPPLI";".ini"
"IIBE010Q.ini";"A24130.ISC0750D.TUNIT.LOGAPPLI";".ini"
"IIBE010Q.ini";"A24130.ISC0750D.TUNIT.LOGAPPLI";".ini"
"IIBE241Q.ini";"A24130.ISC0011D.TUNIT.NONCONNU";".ini"
"IIBE246Q.ini";"A24130.ISC0011D.TUNIT.ROLEAG";".ini"
"IIBF001Q.ini";"A24130.ISC0011D.TFONC2.NONCONNU";".ini"
"IIBF001Q.ini";"A24130.ISC0011D.TFONC.NONCONNU";".ini"
"IIBF001Q.ini";"A24130.ISC0011D.TFONC.NONCONNU";".ini"
"IIBF006Q.ini";"A24130.ISC0011D.TFONC.ROLEAG";".ini"
"IIBF006Q.ini";"A24130.ISC0011D.TFONC.ROLEAG";".ini"
"IIBF006Q.ini";"A24130.ISC0011D.TFONC.ROLEAG";".ini"
"IIBF010Q.ini";"A24130.ISC0750D.TUNIT.LOGAPPLI";".ini"
"IIBF010Q.ini";"A24130.ISC0750D.TFONC.LOGAPPLI";".ini"
"IIBF010Q.ini";"A24130.ISC0750D.TFONC.LOGAPPLI";".ini"
"IIBM001Q.ini";"A24130.ISC0011D.TFONC2.NONCONNU";".ini"
"IIBM001Q.ini";"A24130.ISC0011D.TFONC.NONCONNU";".ini"
"IIBM001Q.ini";"A24130.ISC0011D.PROD2.NONCONNU";".ini"
"IIBM006Q.ini";"A24130.ISC0011D.PROD2.ROLEAG";".ini"
"IIBM006Q.ini";"A24130.ISC0011D.PROD2.ROLEAG";".ini"
"IIBM006Q.ini";"A24130.ISC0011D.PROD2.ROLEAG";".ini"
"IIBM008D.ini";"A24130.ISC0012D.TFONC2.AUTHEN";".ini"
"IIBM008D.ini";"A24130.ISC0012D.TFONC2.PROFIL";".ini"
"IIBM008D.ini";"A24130.ISC0012D.TUNIT.AUTHEN";".ini"
"IIBM008D.ini";"A24130.ISC0012D.TUNIT.PROFIL";".ini"
"IIBM008D.ini";"A24130.ISC0012D.TFONC.AUTHEN";".ini"
"IIBM008D.ini";"A24130.ISC0012D.TFONC.PROFIL";".ini"
"IIBM008D.ini";"A24130.ISC0012D.PROD2.AUTHEN";".ini"
"IIBM008D.ini";"A24130.ISC0012D.PROD2.PROFIL";".ini"
"IIBM010Q.ini";"A24130.ISC0750D.TUNIT.LOGAPPLI";".ini"
"IIBM010Q.ini";"A24130.ISC0750D.TFONC.LOGAPPLI";".ini"
"IIBM010Q.ini";"A24130.ISC0750D.PROD2.LOGAPPLI";".ini"
"IINM071Q.INI";"A24130.ICH0555D.TUNIT.CTB.EBS";".INI"
"IINM071Q.INI";"A24130.ICH0555D.TUNIT.CTB.EBS";".INI"
"IINM071Q.INI";"A24130.ICH0555D.TUNIT.CTB.EBS";".INI"
"IINM071Q.INI";"A24130.ICH0555D.PROD2.CTB.EBS";".INI"
"IRBM130Q.INI";"A24130.ICH0555D.TUNIT.CTBCONV";".INI"
"IRBM130Q.INI";"A24130.ICH0555D.TUNIT.CTBCONV";".INI"
"IRBM130Q.INI";"A24130.ICH0555D.PROD2.CTBCONV";".INI"
"IRCF700Q.INI";"A24130.ICO000D.PARAM";".INI"
"IRCFE81M.INI";"A24130.ISC0395D.TUNIT.EXTRACT.RC";".INI"
"IRCFE81M.INI";"A24130.ISC0395D.TFONC.EXTRACT.RC";".INI"
"IRCFE81M.INI";"A24130.ISC0395D.PROD2.EXTRACT.RC";".INI"
"IRCM700Q.INI";"A24130.ICO000D.PARAM";".INI"
"IRFM807H.ini";"A24130.ISC0015H.$ENVMF$.EXTRAC.FASAT";".ini"
"IRFM809Q.ini";"A24130.ISC0280D.TFONC.TRANSIRA";".ini"
"IRFM809Q.ini";"A24130.ISC0280D.TFONC.TRANSIRA";".ini"
"IRFM809Q.ini";"A24130.ISC0280D.TFONC.TRANSIRA";".ini"
"IRFM809Q.ini";"A24130.ISC0280D.TFONC.TRANSIRA";".ini"
"IRFM809Q.ini";"A24130.ISC0280D.TRANSIRA";".ini"
"IRFM809Q.ini";"A24130.ISC0280D.TRANSIRA";".ini"
"IRFM826Q.ini";"A24130.ICN0070D.AGENT";".ini"
"IRFM826Q.ini";"A24130.ICN0070D.AGENT";".ini"
"IRFM826Q.ini";"A24130.ICN0070D.AGENT";".ini"
"IRFM826Q.ini";"A24130.ICN0070D.AGENT";".ini"
"IRFM826Q.ini";"A24130.ICN0070D.AGENT";".ini"
"ISCE013H.INI";"A24130.ISC0013D.TUNIT.ADRESSEI";".INI"
"ISCE900Q.INI";"A24130.ISC0900D.TUNIT.AUTHEN";".INI"
"ISCE900Q.INI";"A24130.ISC0900D.TUNIT.PROFIL";".INI"
"ISCE900Q.INI";"A24130.ISC0900D.TUNIT.ROLECL";".INI"
"ISCE900Q.INI";"A24130.ISC0900D.TUNIT.ROLEAG";".INI"
"ISCE900Q.INI";"A24130.ISC0900D.TFONC.AUTHEN";".INI"
"ISCE900Q.INI";"A24130.ISC0900D.TFONC.PROFIL";".INI"
"ISCE900Q.INI";"A24130.ISC0900D.TFONC.ROLECL";".INI"
"ISCE900Q.INI";"A24130.ISC0900D.TFONC.ROLEAG";".INI"
"ISCE900Q.INI";"A24130.ISC0900D.PROD2.AUTHEN";".INI"
"ISCE900Q.INI";"A24130.ISC0900D.PROD2.PROFIL";".INI"
"ISCE900Q.INI";"A24130.ISC0900D.PROD2.ROLECL";".INI"
"ISCE900Q.INI";"A24130.ISC0900D.PROD2.ROLEAG";".INI"
"ISCF013H.INI";"A24130.ISC0013D.TFONC2.ADRESSEI";".INI"
"ISCF897Q.INI";"A24130.ISC0900D.TFONC2.AUTHEN";".INI"
"ISCF897Q.INI";"A24130.ISC0900D.TFONC2.PROFIL";".INI"
"ISCF897Q.INI";"A24130.ISC0900D.TFONC2.ROLECL";".INI"
"ISCF897Q.INI";"A24130.ISC0900D.TFONC2.ROLEAG";".INI"
"ISCF897Q.INI";"A24130.ISC0900D.TFONC2.AUTHEN";".INI"
"ISCF897Q.INI";"A24130.ISC0900D.TFONC2.PROFIL";".INI"
"ISCF897Q.INI";"A24130.ISC0900D.TFONC2.ROLECL";".INI"
"ISCF897Q.INI";"A24130.ISC0900D.TFONC2.ROLEAG";".INI"
"ISCF897Q.INI";"A24130.ISC0900D.TFONC2.AUTHEN";".INI"
"ISCF897Q.INI";"A24130.ISC0900D.TFONC2.PROFIL";".INI"
"ISCF897Q.INI";"A24130.ISC0900D.TFONC2.ROLECL";".INI"
"ISCF897Q.INI";"A24130.ISC0900D.TFONC2.ROLEAG";".INI"
"ISCF900Q.INI";"A24130.ISC0900D.TUNIT.AUTHEN";".INI"
"ISCF900Q.INI";"A24130.ISC0900D.TUNIT.PROFIL";".INI"
"ISCF900Q.INI";"A24130.ISC0900D.TUNIT.ROLECL";".INI"
"ISCF900Q.INI";"A24130.ISC0900D.TUNIT.ROLEAG";".INI"
"ISCF900Q.INI";"A24130.ISC0900D.TFONC.AUTHEN";".INI"
"ISCF900Q.INI";"A24130.ISC0900D.TFONC.PROFIL";".INI"
"ISCF900Q.INI";"A24130.ISC0900D.TFONC.ROLECL";".INI"
"ISCF900Q.INI";"A24130.ISC0900D.TFONC.ROLEAG";".INI"
"ISCF900Q.INI";"A24130.ISC0900D.PROD2.AUTHEN";".INI"
"ISCF900Q.INI";"A24130.ISC0900D.PROD2.PROFIL";".INI"
"ISCF900Q.INI";"A24130.ISC0900D.PROD2.ROLECL";".INI"
"ISCF900Q.INI";"A24130.ISC0900D.PROD2.ROLEAG";".INI"
"ISCG013H.INI";"A24130.ISC0013D.TFONC.ADRESSEI";".INI"
"ISCM010Q.INI";"A24130.ISC0010D.PROD2.CMPRINT.TEST";".INI"
"ISCM010Q.INI";"A24130.ISC0010D.PROD2.CMPRINT.FONC";".INI"
"ISCM010Q.INI";"A24130.ISC0010D.PROD2.CMPRINT.INTG";".INI"
"ISCM010Q.INI";"A24130.ISC0010D.PROD2.CMPRINT.PROD";".INI"
"ISCM013H.INI";"A24130.ISC0013D.PROD2.ADRESSEI";".INI"
"ISCM014D.INI";"A24130.ISC0014D.PROD2.EXTIMAGE";".INI"
"ISCM016Q.INI";"A24130.ISC0016D.TUNIT.FUSION";".INI"
"ISCM016Q.INI";"A24130.ISC0016D.TUNIT.FUSION";".INI"
"ISCM016Q.INI";"A24130.ISC0016D.TUNIT.FUSION";".INI"
"ISCM016Q.INI";"A24130.ISC0016D.TFONC.FUSION";".INI"
"ISCM016Q.INI";"A24130.ISC0016D.PROD2.FUSION";".INI"
"ISCM017Q.INI";"A24130.ISC0017D.TFONC2.CONTRAT";".INI"
"ISCM017Q.INI";"A24130.ISC0017D.TFONC2.INTRV";".INI"
"ISCM017Q.INI";"A24130.ISC0017D.TFONC2.HISTO";".INI"
"ISCM017Q.INI";"A24130.ISC0017D.TFONC2.COURL";".INI"
"ISCM017Q.INI";"A24130.ISC0017D.TFONC2.ACCWEB";".INI"
"ISCM017Q.INI";"A24130.ISC0017D.TFONC.CONTRAT";".INI"
"ISCM017Q.INI";"A24130.ISC0017D.TFONC.INTRV";".INI"
"ISCM017Q.INI";"A24130.ISC0017D.TFONC.HISTO";".INI"
"ISCM017Q.INI";"A24130.ISC0017D.TFONC.COURL";".INI"
"ISCM017Q.INI";"A24130.ISC0017D.TFONC.ACCWEB";".INI"
"ISCM017Q.INI";"A24130.ISC0017D.PROD2.CONTRAT";".INI"
"ISCM017Q.INI";"A24130.ISC0017D.PROD2.INTRV";".INI"
"ISCM017Q.INI";"A24130.ISC0017D.PROD2.HISTO";".INI"
"ISCM017Q.INI";"A24130.ISC0017D.PROD2.COURL";".INI"
"ISCM017Q.INI";"A24130.ISC0017D.PROD2.ACCWEB";".INI"
"ISCM019Q.INI";"A24130.ISC0070D.TUNIT.INVESTIA";".INI"
"ISCM019Q.INI";"A24130.ISC0070D.TFONC2.INVESTIA";".INI"
"ISCM019Q.INI";"A24130.ISC0070D.TUNIT.INVESTIA";".INI"
"ISCM019Q.INI";"A24130.ISC0070D.TFONC2.INVESTIA";".INI"
"ISCM019Q.INI";"A24130.ISC0070D.TFONC2.INVESTIA";".INI"
"ISCM019Q.INI";"A24130.ISC0070D.TFONC.INVESTIA";".INI"
"ISCM019Q.INI";"A24130.ISC0070D.PROD2.INVESTIA";".INI"
"ISCM020Q.INI";"A24130.ISC0280D.TUNIT.TRANIV";".INI"
"ISCM020Q.INI";"A24130.ISC0260D.TUNIT.RERRCLIE.IV";".INI"
"ISCM020Q.INI";"A24130.ISC0280D.TFONC2.TRANIV";".INI"
"ISCM020Q.INI";"A24130.ISC0260D.TFONC2.RERRCLIE.IV";".INI"
"ISCM020Q.INI";"A24130.ISC0280D.TFONC2.TRANIV";".INI"
"ISCM020Q.INI";"A24130.ISC0260D.TFONC2.RERRCLIE.IV";".INI"
"ISCM020Q.INI";"A24130.ISC0280D.TFONC.TRANIV";".INI"
"ISCM020Q.INI";"A24130.ISC0260D.TFONC.RERRCLIE.IV";".INI"
"ISCM020Q.INI";"A24130.ISC0280D.PROD2.TRANIV";".INI"
"ISCM020Q.INI";"A24130.ISC0260D.PROD2.RERRCLIE.IV";".INI"
"ISCM021Q.INI";"A24130.ISC0070D.TUNIT.FUNDEX";".INI"
"ISCM021Q.INI";"A24130.ISC0070D.TFONC2.FUNDEX";".INI"
"ISCM021Q.INI";"A24130.ISC0070D.TUNIT.FUNDEX";".INI"
"ISCM021Q.INI";"A24130.ISC0070D.TFONC2.FUNDEX";".INI"
"ISCM021Q.INI";"A24130.ISC0070D.TFONC2.FUNDEX";".INI"
"ISCM021Q.INI";"A24130.ISC0070D.TFONC.FUNDEX";".INI"
"ISCM021Q.INI";"A24130.ISC0070D.PROD2.FUNDEX";".INI"
"ISCM022Q.INI";"A24130.ISC0280D.TUNIT.TRANFU";".INI"
"ISCM022Q.INI";"A24130.ISC0260D.TUNIT.RERRCLIE.FU";".INI"
"ISCM022Q.INI";"A24130.ISC0280D.TFONC2.TRANFU";".INI"
"ISCM022Q.INI";"A24130.ISC0260D.TFONC2.RERRCLIE.FU";".INI"
"ISCM022Q.INI";"A24130.ISC0280D.TFONC2.TRANFU";".INI"
"ISCM022Q.INI";"A24130.ISC0260D.TFONC2.RERRCLIE.FU";".INI"
"ISCM022Q.INI";"A24130.ISC0280D.TFONC.TRANFU";".INI"
"ISCM022Q.INI";"A24130.ISC0260D.TFONC.RERRCLIE.FU";".INI"
"ISCM022Q.INI";"A24130.ISC0280D.PROD2.TRANFU";".INI"
"ISCM022Q.INI";"A24130.ISC0260D.PROD2.RERRCLIE.FU";".INI"
"ISCM023Q.INI";"A24130.ISC0070D.TUNIT.IAVM";".INI"
"ISCM023Q.INI";"A24130.ISC0070D.TFONC2.IAVM";".INI"
"ISCM023Q.INI";"A24130.ISC0070D.TUNIT.IAVM";".INI"
"ISCM023Q.INI";"A24130.ISC0070D.TFONC2.IAVM";".INI"
"ISCM023Q.INI";"A24130.ISC0070D.TFONC2.IAVM";".INI"
"ISCM023Q.INI";"A24130.ISC0070D.TFONC.IAVM";".INI"
"ISCM023Q.INI";"A24130.ISC0070D.PROD2.IAVM";".INI"
"ISCM024Q.INI";"A24130.ISC0280D.TUNIT.TRANVM";".INI"
"ISCM024Q.INI";"A24130.ISC0260D.TUNIT.RERRCLIE.VM";".INI"
"ISCM024Q.INI";"A24130.ISC0280D.TFONC2.TRANVM";".INI"
"ISCM024Q.INI";"A24130.ISC0260D.TFONC2.RERRCLIE.VM";".INI"
"ISCM024Q.INI";"A24130.ISC0280D.TFONC2.TRANVM";".INI"
"ISCM024Q.INI";"A24130.ISC0260D.TFONC2.RERRCLIE.VM";".INI"
"ISCM024Q.INI";"A24130.ISC0280D.TFONC.TRANVM";".INI"
"ISCM024Q.INI";"A24130.ISC0260D.TFONC.RERRCLIE.VM";".INI"
"ISCM024Q.INI";"A24130.ISC0280D.PROD2.TRANVM";".INI"
"ISCM024Q.INI";"A24130.ISC0260D.PROD2.RERRCLIE.VM";".INI"
"ISCM085Q.INI";"A24130.ISC0260D.TUNIT.LISTEIA";".INI"
"ISCM085Q.INI";"A24130.ISC0260D.TUNIT.LISTEIAP";".INI"
"ISCM085Q.INI";"A24130.ISC0260D.TFONC.LISTEIA";".INI"
"ISCM085Q.INI";"A24130.ISC0260D.TFONC.LISTEIAP";".INI"
"ISCM085Q.INI";"A24130.ISC0260D.LISTEIA";".INI"
"ISCM085Q.INI";"A24130.ISC0260D.LISTEIAP";".INI"
"ISCM090Q.INI";"A24130.ISC0090D.PROD2.LNNTENO";".INI"
"ISCM101Q.INI";"A24130.ISC0100D.TUNIT.RAPSCAD";".INI"
"ISCM101Q.INI";"A24130.ISC0100D.TFONC.RAPSCAD";".INI"
"ISCM101Q.INI";"A24130.ISC0100D.PROD2.RAPSCAD";".INI"
"ISCM102Q.INI";"A24130.ISC0102D.$ENV-CENTRAL$.XTFSERV";".INI"
"ISCM102Q.INI";"A24130.ISC0102D.$ENV-CENTRAL$.MODFSERV";".INI"
"ISCM102Q.INI";"A24130.ISC0102D.$ENV-CENTRAL$.CONTRAT";".INI"
"ISCM102Q.INI";"A24130.ISC0102D.$ENV-CENTRAL$.RELATION";".INI"
"ISCM320M.INI";"A24130.ISC0320D.ADRAGENT";".INI"
"ISCM791T.INI";"A24130.ISC0791T.$ENVR-CENTRAL$.UNIFI.CODREV";".INI"
"ISCM850D.INI";"A24130.ISC0850D.$ENVR-CENTRAL$.MESSG";".INI"
"ISCM850D.INI";"A24130.ISC0850D.$ENVR-CENTRAL$.PARCOMMN";".INI"
"ISCM850D.INI";"A24130.ISC0850D.$ENVR-CENTRAL$.CONTRAT";".INI"
"ISCM850D.INI";"A24130.ISC0850D.$ENVR-CENTRAL$.CODACCES";".INI"
"ISCM850D.INI";"A24130.ISC0850D.$ENVR-CENTRAL$";".INI"
"ISCM853D.INI";"A24130.ISC0851D.$ENVR-CENTRAL$.DONNEES.CLTS";".INI"
"ISCM853D.INI";"A24130.ISC0850D.$ENVR-CENTRAL$.MESSG";".INI"
"ISCM853D.INI";"A24130.ISC0852D.$ENVR-CENTRAL$.DONNEES.ACCS";".INI"
"ISCM853D.INI";"A24130.ISC0850D.$ENVR-CENTRAL$.PARCOMMN";".INI"
"ISCM900Q.INI";"A24130.ISC0900D.TUNIT.AUTHEN";".INI"
"ISCM900Q.INI";"A24130.ISC0900D.TUNIT.PROFIL";".INI"
"ISCM900Q.INI";"A24130.ISC0900D.TUNIT.ROLECL";".INI"
"ISCM900Q.INI";"A24130.ISC0900D.TUNIT.ROLEAG";".INI"
"ISCM900Q.INI";"A24130.ISC0900D.TFONC.AUTHEN";".INI"
"ISCM900Q.INI";"A24130.ISC0900D.TFONC.PROFIL";".INI"
"ISCM900Q.INI";"A24130.ISC0900D.TFONC.ROLECL";".INI"
"ISCM900Q.INI";"A24130.ISC0900D.TFONC.ROLEAG";".INI"
"ISCM900Q.INI";"A24130.ISC0900D.PROD2.AUTHEN";".INI"
"ISCM900Q.INI";"A24130.ISC0900D.PROD2.PROFIL";".INI"
"ISCM900Q.INI";"A24130.ISC0900D.PROD2.ROLECL";".INI"
"ISCM900Q.INI";"A24130.ISC0900D.PROD2.ROLEAG";".INI"
"IVIM220Q.INI";"A24130.ICL0020D.INSCMF";".INI"
"IVIM220Q.INI";"A24130.ICL0020D.MAJREG";".INI"
"IVIM220Q.INI";"A24130.ICL0020D.INSCMF";".INI"
"IVIM220Q.INI";"A24130.ICL0020D.MAJREG";".INI"
"IVIM220Q.INI";"A24130.ICL0020D.INSCMF";".INI"
"IVIM220Q.INI";"A24130.ICL0020D.MAJREG";".INI"
"IVIM220Q.INI";"A24130.ICL0020D.INSCMF";".INI"
"IVIM220Q.INI";"A24130.ICL0020D.MAJREG";".INI"
"IVIM220Q.INI";"A24130.ICL0020D.INSCMF";".INI"
"IVIM220Q.INI";"A24130.ICL0020D.MAJREG";".INI"
"IVIM220Q.INI";"A24130.ICL0020D.INSCMF";".INI"
"IVIM220Q.INI";"A24130.ICL0020D.MAJREG";".INI"
"IVIM260D.INI";"A24130.ICL0080D.PROD2.COURRIEL";".INI"
"IVIM260D.INI";"A24130.ICL0080D.PROD2.COURRIEL";".INI"
"IVIM260D.INI";"A24130.ICL0080D.PROD2.COURRIEL";".INI"
"IVIM260D.INI";"A24130.ICL0080D.PROD2.COURRIEL";".INI"
"IVIM260D.INI";"A24130.ICL0080D.PROD2.COURRIEL";".INI"
"IVIM260D.INI";"A24130.ICL0080D.PROD2.COURRIEL";".INI"
"NINM071Q.INI";"A24130.ICH0555D.TUNIT.CTB.EBS";".INI"
"NINM071Q.INI";"A24130.ICH0555D.TUNIT.CTB.EBS";".INI"
"NINM071Q.INI";"A24130.ICH0555D.TUNIT.CTB.EBS";".INI"
"NINM071Q.INI";"A24130.ICH0555D.PROD2.CTB.EBS";".INI"
"TINM071Q.INI";"A24130.ICH0555D.TUNIT.CTB.EBS";".INI"
"TINM071Q.INI";"A24130.ICH0555D.TUNIT.CTB.EBS";".INI"
"TINM071Q.INI";"A24130.ICH0555D.TUNIT.CTB.EBS";".INI"
"TINM071Q.INI";"A24130.ICH0555D.PROD2.CTB.EBS";".INI"
"ICOM290Q.ini";"A24130.ICO290D.RAPPZK";".ini"
"IEGM005Q.ini";"A24130.ICG0060D.EGT104XX";".ini"
"IRCME81M.ini";"A24130.ISC0395D.TUNIT.EXTRACT.RC";".ini"
"IRCME81M.ini";"A24130.ISC0395D.TFONC.EXTRACT.RC";".ini"
"IRCME81M.ini";"A24130.ISC0395D.PROD2.EXTRACT.RC";".ini"
"ISCM100H.ini";"A24130.ISC0101D.PROD2.AC000PP";".ini"
"ISCM100H.ini";"A24130.ISC0101D.PROD2.AL000PP";".ini"
"ISCM100H.ini";"A24130.ISC0101D.PROD2.EI000PP";".ini"
"ISCM100H.ini";"A24130.ISC0101D.PROD2.DP000PP";".ini"
"ISCM100H.ini";"A24130.ISC0101D.PROD2.GF000PP";".ini"
"ISCM100H.ini";"A24130.ISC0101D.PROD2.HC000PP";".ini"
"ISCM100H.ini";"A24130.ISC0101D.PROD2.HL000PP";".ini"
"ISCM100H.ini";"A24130.ISC0101D.PROD2.HS000PP";".ini"
"ISCM100H.ini";"A24130.ISC0101D.PROD2.IN000PP";".ini"
"ISCM100H.ini";"A24130.ISC0101D.PROD2.LU000PP";".ini"
"ISCM100H.ini";"A24130.ISC0101D.PROD2.MG000PP";".ini"
"ISCM100H.ini";"A24130.ISC0101D.PROD2.PA000PP";".ini"
"ISCM100H.ini";"A24130.ISC0101D.PROD2.PI000PP";".ini"
"ISCM100H.ini";"A24130.ISC0101D.PROD2.RC000PP";".ini"
"ISCM100H.ini";"A24130.ISC0101D.PROD2.RE000PP";".ini"
"ISCM100H.ini";"A24130.ISC0101D.PROD2.RI000PP";".ini"
"ISCM100H.ini";"A24130.ISC0101D.PROD2.RS000PP";".ini"
"ISCM100H.ini";"A24130.ISC0101D.PROD2.SR000PP";".ini"
"ISCM100H.ini";"A24130.ISC0101D.PROD2.SX000PP";".ini"
"ISCM100H.ini";"A24130.ISC0101D.PROD2.VC000PP";".ini"
"ISCM100H.ini";"A24130.ISC0101D.PROD2.TW000PP";".ini"
"ISCM100H.ini";"A24130.ISC0101D.PROD2.SC000PP";".ini"
"ISCM100H.ini";"A24130.ISC0101D.PROD2.SI000PP";".ini"
"ISCM100H.ini";"A24130.ISC0101D.PROD2.AC001PP";".ini"
"ISCM100H.ini";"A24130.ISC0101D.PROD2.AL001PP";".ini"
"ISCM100H.ini";"A24130.ISC0101D.PROD2.EI001PP";".ini"
"ISCM100H.ini";"A24130.ISC0101D.PROD2.DP001PP";".ini"
"ISCM100H.ini";"A24130.ISC0101D.PROD2.GF001PP";".ini"
"ISCM100H.ini";"A24130.ISC0101D.PROD2.HC001PP";".ini"
"ISCM100H.ini";"A24130.ISC0101D.PROD2.HL001PP";".ini"
"ISCM100H.ini";"A24130.ISC0101D.PROD2.HS001PP";".ini"
"ISCM100H.ini";"A24130.ISC0101D.PROD2.IN001PP";".ini"
"ISCM100H.ini";"A24130.ISC0101D.PROD2.LU001PP";".ini"
"ISCM100H.ini";"A24130.ISC0101D.PROD2.MG001PP";".ini"
"ISCM100H.ini";"A24130.ISC0101D.PROD2.PA001PP";".ini"
"ISCM100H.ini";"A24130.ISC0101D.PROD2.PI001PP";".ini"
"ISCM100H.ini";"A24130.ISC0101D.PROD2.RC001PP";".ini"
"ISCM100H.ini";"A24130.ISC0101D.PROD2.RE001PP";".ini"
"ISCM100H.ini";"A24130.ISC0101D.PROD2.RI001PP";".ini"
"ISCM100H.ini";"A24130.ISC0101D.PROD2.RS001PP";".ini"
"ISCM100H.ini";"A24130.ISC0101D.PROD2.SR001PP";".ini"
"ISCM100H.ini";"A24130.ISC0101D.PROD2.SX001PP";".ini"
"ISCM100H.ini";"A24130.ISC0101D.PROD2.VC001PP";".ini"
"ISCM100H.ini";"A24130.ISC0101D.PROD2.TW001PP";".ini"
"ISCM100H.ini";"A24130.ISC0101D.PROD2.SC001PP";".ini"
"ISCM100H.ini";"A24130.ISC0101D.PROD2.SI001PP";".ini"
"ISCM100H.ini";"A24130.ISC0101D.PROD2.AC000PM";".ini"
"ISCM100H.ini";"A24130.ISC0101D.PROD2.AL000PM";".ini"
"ISCM100H.ini";"A24130.ISC0101D.PROD2.EI000PM";".ini"
"ISCM100H.ini";"A24130.ISC0101D.PROD2.DP000PM";".ini"
"ISCM100H.ini";"A24130.ISC0101D.PROD2.GF000PM";".ini"
"ISCM100H.ini";"A24130.ISC0101D.PROD2.HC000PM";".ini"
"ISCM100H.ini";"A24130.ISC0101D.PROD2.HL000PM";".ini"
"ISCM100H.ini";"A24130.ISC0101D.PROD2.HS000PM";".ini"
"ISCM100H.ini";"A24130.ISC0101D.PROD2.IN000PM";".ini"
"ISCM100H.ini";"A24130.ISC0101D.PROD2.LU000PM";".ini"
"ISCM100H.ini";"A24130.ISC0101D.PROD2.MG000PM";".ini"
"ISCM100H.ini";"A24130.ISC0101D.PROD2.PA000PM";".ini"
"ISCM100H.ini";"A24130.ISC0101D.PROD2.PI000PM";".ini"
"ISCM100H.ini";"A24130.ISC0101D.PROD2.RC000PM";".ini"
"ISCM100H.ini";"A24130.ISC0101D.PROD2.RE000PM";".ini"
"ISCM100H.ini";"A24130.ISC0101D.PROD2.RI000PM";".ini"
"ISCM100H.ini";"A24130.ISC0101D.PROD2.RS000PM";".ini"
"ISCM100H.ini";"A24130.ISC0101D.PROD2.SR000PM";".ini"
"ISCM100H.ini";"A24130.ISC0101D.PROD2.SX000PM";".ini"
"ISCM100H.ini";"A24130.ISC0101D.PROD2.VC000PM";".ini"
"ISCM100H.ini";"A24130.ISC0101D.PROD2.TW000PM";".ini"
"ISCM100H.ini";"A24130.ISC0101D.PROD2.SC000PM";".ini"
"ISCM100H.ini";"A24130.ISC0101D.PROD2.SI000PM";".ini"
"ISCM100H.ini";"A24130.ISC0101D.PROD2.AC001PM";".ini"
"ISCM100H.ini";"A24130.ISC0101D.PROD2.AL001PM";".ini"
"ISCM100H.ini";"A24130.ISC0101D.PROD2.EI001PM";".ini"
"ISCM100H.ini";"A24130.ISC0101D.PROD2.DP001PM";".ini"
"ISCM100H.ini";"A24130.ISC0101D.PROD2.GF001PM";".ini"
"ISCM100H.ini";"A24130.ISC0101D.PROD2.HC001PM";".ini"
"ISCM100H.ini";"A24130.ISC0101D.PROD2.HL001PM";".ini"
"ISCM100H.ini";"A24130.ISC0101D.PROD2.HS001PM";".ini"
"ISCM100H.ini";"A24130.ISC0101D.PROD2.IN001PM";".ini"
"ISCM100H.ini";"A24130.ISC0101D.PROD2.LU001PM";".ini"
"ISCM100H.ini";"A24130.ISC0101D.PROD2.MG001PM";".ini"
"ISCM100H.ini";"A24130.ISC0101D.PROD2.PA001PM";".ini"
"ISCM100H.ini";"A24130.ISC0101D.PROD2.PI001PM";".ini"
"ISCM100H.ini";"A24130.ISC0101D.PROD2.RC001PM";".ini"
"ISCM100H.ini";"A24130.ISC0101D.PROD2.RE001PM";".ini"
"ISCM100H.ini";"A24130.ISC0101D.PROD2.RI001PM";".ini"
"ISCM100H.ini";"A24130.ISC0101D.PROD2.RS001PM";".ini"
"ISCM100H.ini";"A24130.ISC0101D.PROD2.SR001PM";".ini"
"ISCM100H.ini";"A24130.ISC0101D.PROD2.SX001PM";".ini"
"ISCM100H.ini";"A24130.ISC0101D.PROD2.VC001PM";".ini"
"ISCM100H.ini";"A24130.ISC0101D.PROD2.TW001PM";".ini"
"ISCM100H.ini";"A24130.ISC0101D.PROD2.SC001PM";".ini"
"ISCM100H.ini";"A24130.ISC0101D.PROD2.SI001PM";".ini"
"ISCM100H.ini";"A24130.ISC0101D.PROD2.RE025PM";".ini"
"ISCM100H.ini";"A24130.ISC0101D.PROD2.HC004PM";".ini"
"ISCM100H.ini";"A24130.ISC0101D.PROD2.RC004PM";".ini"
"ISCM100H.ini";"A24130.ISC0101D.PROD2.TW004PM";".ini"
"ISCM100H.ini";"A24130.ISC0101D.PROD2.RC011PM";".ini"
"ISCM100H.ini";"A24130.ISC0101D.PROD2.TW011PM";".ini"
"ISCM100H.ini";"A24130.ISC0101D.PROD2.AL012PM";".ini"
"ISCM100H.ini";"A24130.ISC0101D.PROD2.LU012PM";".ini"
"ISCM100H.ini";"A24130.ISC0101D.PROD2.RC025PM";".ini"
"ISCM100H.ini";"A24130.ISC0101D.PROD2.HC026PM";".ini"
"ISCM100H.ini";"A24130.ISC0101D.PROD2.HC027PM";".ini"
"ISCM100H.ini";"A24130.ISC0101D.PROD2.TW025PM";".ini"
"ISCM100H.ini";"A24130.ISC0101D.PROD2.HC004PP";".ini"
"ISCM100H.ini";"A24130.ISC0101D.PROD2.RC004PP";".ini"
"ISCM100H.ini";"A24130.ISC0101D.PROD2.TW004PP";".ini"
"ISCM100H.ini";"A24130.ISC0101D.PROD2.RC011PP";".ini"
"ISCM100H.ini";"A24130.ISC0101D.PROD2.TW011PP";".ini"
"ISCM100H.ini";"A24130.ISC0101D.PROD2.AL012PP";".ini"
"ISCM100H.ini";"A24130.ISC0101D.PROD2.LU012PP";".ini"
"ISCM100H.ini";"A24130.ISC0101D.PROD2.RC025PP";".ini"
"ISCM100H.ini";"A24130.ISC0101D.PROD2.HC026PP";".ini"
"ISCM100H.ini";"A24130.ISC0101D.PROD2.HC027PP";".ini"
"ISCM100H.ini";"A24130.ISC0101D.PROD2.PA004PP";".ini"
"ISCM100H.ini";"A24130.ISC0101D.PROD2.RE004PP";".ini"
"ISCM100H.ini";"A24130.ISC0101D.PROD2.PA011PP";".ini"
"ISCM100H.ini";"A24130.ISC0101D.PROD2.RE011PP";".ini"
"ISCM100H.ini";"A24130.ISC0101D.PROD2.AC012PP";".ini"
"ISCM100H.ini";"A24130.ISC0101D.PROD2.HS012PP";".ini"
"ISCM100H.ini";"A24130.ISC0101D.PROD2.MG012PP";".ini"
"ISCM100H.ini";"A24130.ISC0101D.PROD2.PI012PP";".ini"
"ISCM100H.ini";"A24130.ISC0101D.PROD2.RS012PP";".ini"
"ISCM100H.ini";"A24130.ISC0101D.PROD2.PA025PP";".ini"
"ISCM100H.ini";"A24130.ISC0101D.PROD2.RE025PP";".ini"
"ISCM100H.ini";"A24130.ISC0101D.PROD2.TW025PP";".ini"
"ISCM100H.ini";"A24130.ISC0101D.PROD2.PA004PM";".ini"
"ISCM100H.ini";"A24130.ISC0101D.PROD2.RE004PM";".ini"
"ISCM100H.ini";"A24130.ISC0101D.PROD2.PA011PM";".ini"
"ISCM100H.ini";"A24130.ISC0101D.PROD2.RE011PM";".ini"
"ISCM100H.ini";"A24130.ISC0101D.PROD2.AC012PM";".ini"
"ISCM100H.ini";"A24130.ISC0101D.PROD2.HS012PM";".ini"
"ISCM100H.ini";"A24130.ISC0101D.PROD2.MG012PM";".ini"
"ISCM100H.ini";"A24130.ISC0101D.PROD2.PI012PM";".ini"
"ISCM100H.ini";"A24130.ISC0101D.PROD2.RS012PM";".ini"
"ISCM100H.ini";"A24130.ISC0101D.PROD2.PA025PM";".ini"
"ISCM100H.ini";"A24130.ISC0101D.PROD2.ES000PP";".ini"
"ISCM100H.ini";"A24130.ISC0101D.PROD2.ES001PP";".ini"
"ISCM100H.ini";"A24130.ISC0101D.PROD2.ES000PM";".ini"
"ISCM100H.ini";"A24130.ISC0101D.PROD2.ES001PM";".ini"
"ZICHM101Q.INI";"A24130.ICH0540D.TUNIT.CHEBSIAA";".INI"
"ZICHM101Q.INI";"A24130.ICH0540D.TUNIT.CHEBSIAA";".INI"
"ZICHM101Q.INI";"A24130.ICH0540D.PROD2.CHEBSIAA";".INI"
"ZICHM103Q.INI";"A24130.ICH0540D.TUNIT.CHEBSIAP";".INI"
"ZICHM103Q.INI";"A24130.ICH0540D.TUNIT.CHEBSIAP";".INI"
"ZICHM103Q.INI";"A24130.ICH0540D.PROD2.CHEBSIAP";".INI"
"ZIIBM008D.ini";"A24130.ISC0012D.TFONC2.AUTHEN";".ini"
"ZIIBM008D.ini";"A24130.ISC0012D.TFONC2.PROFIL";".ini"
"ZIIBM008D.ini";"A24130.ISC0012D.TUNIT.AUTHEN";".ini"
"ZIIBM008D.ini";"A24130.ISC0012D.TUNIT.PROFIL";".ini"
"ZIIBM008D.ini";"A24130.ISC0012D.TFONC.AUTHEN";".ini"
"ZIIBM008D.ini";"A24130.ISC0012D.TFONC.PROFIL";".ini"
"ZIIBM008D.ini";"A24130.ISC0012D.PROD2.AUTHEN";".ini"
"ZIIBM008D.ini";"A24130.ISC0012D.PROD2.PROFIL";".ini"
"ZIIBM020D.INI";"A24130.ISC0902D.TUNIT.PARAMDAT.DEM";".INI"
"ZIIBM020D.INI";"A24130.ISC0902D.TUNIT.AUTHEN.DEM";".INI"
"ZIIBM020D.INI";"A24130.ISC0902D.TUNIT.PROFIL.DEM";".INI"
"ZIIBM020D.INI";"A24130.ISC0902D.TUNIT.ROLEAG.DEM";".INI"
"ZIIBM020D.INI";"A24130.ISC0902D.TUNIT.ROLECL.DEM";".INI"
"ZIIBM020D.INI";"A24130.ISC0902D.TFONC.PARAMDAT.DEM";".INI"
"ZIIBM020D.INI";"A24130.ISC0902D.TFONC.AUTHEN.DEM";".INI"
"ZIIBM020D.INI";"A24130.ISC0902D.TFONC.PROFIL.DEM";".INI"
"ZIIBM020D.INI";"A24130.ISC0902D.TFONC.ROLEAG.DEM";".INI"
"ZIIBM020D.INI";"A24130.ISC0902D.TFONC.ROLECL.DEM";".INI"
"ZIIBM020D.INI";"A24130.ISC0902D.PROD2.PARAMDAT.DEM";".INI"
"ZIIBM020D.INI";"A24130.ISC0902D.PROD2.AUTHEN.DEM";".INI"
"ZIIBM020D.INI";"A24130.ISC0902D.PROD2.PROFIL.DEM";".INI"
"ZIIBM020D.INI";"A24130.ISC0902D.PROD2.ROLEAG.DEM";".INI"
"ZIIBM020D.INI";"A24130.ISC0902D.PROD2.ROLECL.DEM";".INI"
"ZIIBM020H.INI";"A24130.ISC0902D.TUNIT.PARAMDAT.HEBDO";".INI"
"ZIIBM020H.INI";"A24130.ISC0902D.TUNIT.AUTHEN.HEBDO";".INI"
"ZIIBM020H.INI";"A24130.ISC0902D.TUNIT.PROFIL.HEBDO";".INI"
"ZIIBM020H.INI";"A24130.ISC0902D.TUNIT.ROLEAG.HEBDO";".INI"
"ZIIBM020H.INI";"A24130.ISC0902D.TUNIT.ROLECL.HEBDO";".INI"
"ZIIBM020H.INI";"A24130.ISC0902D.TFONC.PARAMDAT.HEBDO";".INI"
"ZIIBM020H.INI";"A24130.ISC0902D.TFONC.AUTHEN.HEBDO";".INI"
"ZIIBM020H.INI";"A24130.ISC0902D.TFONC.PROFIL.HEBDO";".INI"
"ZIIBM020H.INI";"A24130.ISC0902D.TFONC.ROLEAG.HEBDO";".INI"
"ZIIBM020H.INI";"A24130.ISC0902D.TFONC.ROLECL.HEBDO";".INI"
"ZIIBM020H.INI";"A24130.ISC0902D.PROD2.PARAMDAT.HEBDO";".INI"
"ZIIBM020H.INI";"A24130.ISC0902D.PROD2.AUTHEN.HEBDO";".INI"
"ZIIBM020H.INI";"A24130.ISC0902D.PROD2.PROFIL.HEBDO";".INI"
"ZIIBM020H.INI";"A24130.ISC0902D.PROD2.ROLEAG.HEBDO";".INI"
"ZIIBM020H.INI";"A24130.ISC0902D.PROD2.ROLECL.HEBDO";".INI"
"ZIIBM020M.INI";"A24130.ISC0902D.TUNIT.PARAMDAT.MENS";".INI"
"ZIIBM020M.INI";"A24130.ISC0902D.TUNIT.AUTHEN.MENS";".INI"
"ZIIBM020M.INI";"A24130.ISC0902D.TUNIT.PROFIL.MENS";".INI"
"ZIIBM020M.INI";"A24130.ISC0902D.TUNIT.ROLEAG.MENS";".INI"
"ZIIBM020M.INI";"A24130.ISC0902D.TUNIT.ROLECL.MENS";".INI"
"ZIIBM020M.INI";"A24130.ISC0902D.TFONC.PARAMDAT.MENS";".INI"
"ZIIBM020M.INI";"A24130.ISC0902D.TFONC.AUTHEN.MENS";".INI"
"ZIIBM020M.INI";"A24130.ISC0902D.TFONC.PROFIL.MENS";".INI"
"ZIIBM020M.INI";"A24130.ISC0902D.TFONC.ROLEAG.MENS";".INI"
"ZIIBM020M.INI";"A24130.ISC0902D.TFONC.ROLECL.MENS";".INI"
"ZIIBM020M.INI";"A24130.ISC0902D.PROD2.PARAMDAT.MENS";".INI"
"ZIIBM020M.INI";"A24130.ISC0902D.PROD2.AUTHEN.MENS";".INI"
"ZIIBM020M.INI";"A24130.ISC0902D.PROD2.PROFIL.MENS";".INI"
"ZIIBM020M.INI";"A24130.ISC0902D.PROD2.ROLEAG.MENS";".INI"
"ZIIBM020M.INI";"A24130.ISC0902D.PROD2.ROLECL.MENS";".INI"
